data_1,data_2,data_3,data_4,data_5,data_6,data_7,data_8,data_9,data_10,data_11,data_12,data_13,data_14,data_15,data_16,data_17,data_18,data_19,data_20,data_21,data_22,data_23,data_24,data_25,data_26,data_27,data_28,data_29,data_30,data_31,data_32,data_33,data_34,data_35,data_36,data_37,data_38,data_39,data_40,data_41,data_42,data_43,data_44,data_45,data_46,data_47,data_48,data_49,data_50,data_51,data_52,data_53,data_54,data_55,data_56,data_57,data_58,data_59,data_60
2.07903623360922,4.60775653410381,5.95986882660418,6.3440135181123,6.60417728163434,6.75297381911579,6.8370688082646,6.8772826421257,6.88908130786373,6.92800633513572,6.9255049063521,6.87355377678243,6.95263496339656,6.89786879730808,6.91487516770946,6.85838560220984,6.84183406189577,6.84425351160015,6.87911726780559,6.82516512967652,6.82967506026212,6.73860052123141,6.71664566129462,6.69139317103584,6.75119613086519,6.66466206616029,6.6323417005436,6.62322996946209,6.60299817775864,6.58776376708285,6.58104228364462,6.48752910182651,6.47744241665315,6.50335158748693,6.4640107834919,6.3688060839392,6.4072762006922,6.35584553822268,6.37037697089745,6.27951301517085,6.27533901110525,6.25316554346219,6.23894222249989,6.24829782838891,6.18446230420125,6.13550970144362,6.08187754374449,6.10780791529855,6.17906126083778,6.06089208272232,6.03766534424644,6.02932791993703,6.0071823773384,5.95956631256906,5.98076736147764,5.93002979977304,5.90792266376392,5.87410027374421,5.89669429556604,5.88260784563863
