data_1,data_2,data_3,data_4,data_5,data_6,data_7,data_8,data_9,data_10,data_11,data_12,data_13,data_14,data_15,data_16,data_17,data_18,data_19,data_20,data_21,data_22,data_23,data_24,data_25,data_26,data_27,data_28,data_29,data_30,data_31,data_32,data_33,data_34,data_35,data_36,data_37,data_38,data_39,data_40,data_41,data_42,data_43,data_44,data_45,data_46,data_47,data_48,data_49,data_50,data_51,data_52,data_53,data_54,data_55,data_56,data_57,data_58,data_59,data_60
2.6042036448918,2.53226270834751,2.76558121166294,6.25420322293986,6.97101477879283,7.29509195217278,7.72153461039218,7.7827416129843,8.00912234982623,7.96910448029827,8.0661532487626,8.09124632243465,8.40867871226457,8.29456116065408,8.41330070644368,8.34659962608037,8.72413516452944,8.49922363073283,8.63749687699674,8.55501188302189,8.580990036839,8.48474002542413,8.51875204998778,8.82460854496032,8.4767571809369,8.83719018162732,8.53755656776544,8.6993574410475,8.56323868567229,8.57104024620279,8.72579118098458,8.53379501065075,8.47833198662273,8.74204425204489,8.60807792199674,8.25846369822201,8.54103699831916,8.76918406128238,8.54637162941335,8.31310039070718,8.52935729134577,8.56432386405578,8.35384168324915,8.48768325062193,8.17970124212405,8.33154169488269,8.31468844492908,8.37906302279396,8.37472874942319,8.27094925234014,8.20683408458322,8.53263844179674,8.37086423830993,8.20415110809337,8.34533096564213,8.26605010047981,8.20966464852092,8.13828987485469,8.11261487443562,8.25239064430242
