data_1,data_2,data_3,data_4,data_5,data_6,data_7,data_8,data_9,data_10,data_11,data_12,data_13,data_14,data_15,data_16,data_17,data_18,data_19,data_20,data_21,data_22,data_23,data_24,data_25,data_26,data_27,data_28,data_29,data_30,data_31,data_32,data_33,data_34,data_35,data_36,data_37,data_38,data_39,data_40,data_41,data_42,data_43,data_44,data_45,data_46,data_47,data_48,data_49,data_50,data_51,data_52,data_53,data_54,data_55,data_56,data_57,data_58,data_59,data_60
2.07915508713488,4.64981062979178,5.91885753801856,6.22743625561942,6.55396547255262,6.70714021650414,6.81798061343101,6.80668967802979,6.82014207106121,6.94024098446109,6.90724593686662,6.69148484351461,7.10069563413543,6.89166488402207,6.97332428985889,6.79937342802621,6.77298656517579,6.85074829383322,7.07014756191971,6.85882369029237,6.96272085043886,6.6390598998497,6.6378095063362,6.61700741252208,6.9408276381953,6.61304282008919,6.55226965214172,6.60038189712087,6.60119443315473,6.65221060536151,6.71402991408529,6.41004293063638,6.41672384177836,6.61089674388262,6.51308815610179,6.16638170754634,6.42362062451287,6.27908928497598,6.45354914541818,6.17569711288469,6.2427932050673,6.22463555029446,6.26736788415744,6.37122715518948,6.17984401194354,6.0082723849471,5.86877344085499,6.04154091410214,6.37269754353202,5.93850552400695,5.93451022190347,5.99162125548548,5.95935448064341,5.82265925137245,5.94340902941265,5.84642610828883,5.81135247316242,5.71664689443652,5.81327933191041,5.81863899421879
