data_1,data_2,data_3,data_4,data_5,data_6,data_7,data_8,data_9,data_10,data_11,data_12,data_13,data_14,data_15,data_16,data_17,data_18,data_19,data_20,data_21,data_22,data_23,data_24,data_25,data_26,data_27,data_28,data_29,data_30,data_31,data_32,data_33,data_34,data_35,data_36,data_37,data_38,data_39,data_40,data_41,data_42,data_43,data_44,data_45,data_46,data_47,data_48,data_49,data_50,data_51,data_52,data_53,data_54,data_55,data_56,data_57,data_58,data_59,data_60
1.62920512837715,1.59733827110286,1.34179874433823,1.3598790545854,1.49688951604495,1.64204126320219,3.01663066575986,4.75851925043395,5.68267834682797,5.37785569933182,5.64184155342218,5.74659569514085,6.05819579828512,6.03684470196004,5.94179193744511,6.0918732795346,5.85920726159946,5.77380062496644,5.96602807260273,6.19878280584175,5.80976776835614,5.78023492502074,5.87749065497281,5.93263947214719,6.07691320158474,5.87054034660978,6.18675083678608,6.00998486204105,5.89853192449179,5.75154855616224,5.67954970888711,6.00189272953312,5.96218733893552,5.56138558503322,5.97480012204985,5.5837831679335,6.0367112710845,5.58975502758116,5.67050237172729,6.23875275613795,5.58132055347002,6.20197914157171,5.86620484201639,5.59447508624508,5.74096631161285,5.89514680978934,5.47335412847286,5.76729902920949,5.74777529711429,5.72742594199937,5.90962803451103,5.47096961265409,5.6683007379674,5.43863878216051,5.80856163584913,5.74976482705515,5.79541306502694,5.73662560737898,5.75079862497885,5.97545114114649
