data_1,data_2,data_3,data_4,data_5,data_6,data_7,data_8,data_9,data_10,data_11,data_12,data_13,data_14,data_15,data_16,data_17,data_18,data_19,data_20,data_21,data_22,data_23,data_24,data_25,data_26,data_27,data_28,data_29,data_30,data_31,data_32,data_33,data_34,data_35,data_36,data_37,data_38,data_39,data_40,data_41,data_42,data_43,data_44,data_45,data_46,data_47,data_48,data_49,data_50,data_51,data_52,data_53,data_54,data_55,data_56,data_57,data_58,data_59,data_60
1.11552701895561,1.10874192867029,6.71012760051575,7.31407504714806,7.62834511013058,7.8639304135558,7.99051742898764,8.30300816104356,8.27931859024085,8.22842464008798,8.26751535938324,8.18977226448173,8.22822841891056,8.22535345237758,8.21953677325872,8.19670396809614,8.12223951277739,8.14191476997776,8.02498692104525,8.13403206436734,8.07766343512397,8.05685151327948,8.10761578453855,7.948313275478,7.893438780696,7.89749822822511,7.85250464898382,7.80020941147136,7.75210998753445,7.71586604814243,7.73806581326829,7.48335367567265,7.67749145487799,7.58642940692803,7.48973714363465,7.52673696166369,7.50507346211106,7.43928710839009,7.35226873225772,7.23587363838629,7.25696443606715,7.24093566217141,7.00400707215003,7.01876426055067,6.96224446522936,6.93561724971443,6.81845612907039,6.81737834045761,6.65538600244776,6.74223673620411,6.53874719322712,6.53717364239581,6.51112447427327,6.24539333670537,6.40613874478948,6.25810916251605,6.21486158194135,6.17153808843683,6.03555484549955,5.99606818015004
